INSERT INTO STUDENT(stu_id, stu_name) VALUES('5140309244', 'Mengyang Liu');
INSERT INTO ID_PASSWORD(user_id, user_password) VALUES('5140309244', '5140309244');
INSERT INTO STUDENT(stu_id, stu_name) VALUES('5140309245', 'Hongao Wang');
INSERT INTO ID_PASSWORD(user_id, user_password) VALUES('5140309245', '5140309245');
INSERT INTO STUDENT(stu_id, stu_name) VALUES('5140309243', 'Youwei Ma');
INSERT INTO ID_PASSWORD(user_id, user_password) VALUES('5140309243', '5140309243');
INSERT INTO STUDENT(stu_id, stu_name) VALUES('5140309242', 'Yingjie Hao');
INSERT INTO ID_PASSWORD(user_id, user_password) VALUES('5140309242', '5140309242');

INSERT INTO STU_DPT_REL(stu_id, dpt_id) VALUES('5140309244','0001');
INSERT INTO STU_DPT_REL(stu_id, dpt_id) VALUES('5140309245','0001');
INSERT INTO STU_DPT_REL(stu_id, dpt_id) VALUES('5140309243','0002');
INSERT INTO STU_DPT_REL(stu_id, dpt_id) VALUES('5140309242','0002');
INSERT INTO STU_DPT_REL(stu_id, dpt_id) VALUES('5140309243','0001');
INSERT INTO STU_DPT_REL(stu_id, dpt_id) VALUES('5140309244','0002');

INSERT INTO FREE_TIME(stu_id, weekday, time_slot) VALUES('5140309244','Mon','08:00~10:00');
INSERT INTO FREE_TIME(stu_id, weekday, time_slot) VALUES('5140309244','Mon','14:00~16:00');
INSERT INTO FREE_TIME(stu_id, weekday, time_slot) VALUES('5140309244','Tue','08:00~10:00');
INSERT INTO FREE_TIME(stu_id, weekday, time_slot) VALUES('5140309244','Tue','14:00~16:00');
INSERT INTO FREE_TIME(stu_id, weekday, time_slot) VALUES('5140309243','Mon','08:00~10:00');
INSERT INTO FREE_TIME(stu_id, weekday, time_slot) VALUES('5140309243','Tue','14:00~16:00');
INSERT INTO FREE_TIME(stu_id, weekday, time_slot) VALUES('5140309243','Wed','08:00~10:00');
INSERT INTO FREE_TIME(stu_id, weekday, time_slot) VALUES('5140309242','Mon','14:00~16:00');
INSERT INTO FREE_TIME(stu_id, weekday, time_slot) VALUES('5140309242','Tue','08:00~10:00');
INSERT INTO FREE_TIME(stu_id, weekday, time_slot) VALUES('5140309242','Wed','14:00~16:00');
INSERT INTO FREE_TIME(stu_id, weekday, time_slot) VALUES('5140309245','Mon','08:00~10:00');
INSERT INTO FREE_TIME(stu_id, weekday, time_slot) VALUES('5140309245','Tue','14:00~16:00');
INSERT INTO FREE_TIME(stu_id, weekday, time_slot) VALUES('5140309245','Wed','08:00~10:00');
